Variable,tenure_months,engagement_score,performance_rating,commute_time_minutes,last_promotion_months_ago,voluntary_exit
tenure_months,1.0,-0.03231009447908447,0.032688108817310296,-0.00974939015884402,0.057871684359841156,0.01603744311924428
engagement_score,-0.03231009447908447,1.0,-0.030438574976579758,-0.015869489957847958,-0.037990857017596524,-0.5034052905826392
performance_rating,0.032688108817310296,-0.030438574976579758,1.0,0.001382004365447003,0.0342952126392309,0.04988005102101564
commute_time_minutes,-0.00974939015884402,-0.015869489957847958,0.001382004365447003,1.0,-0.12676635021909227,0.5034448110757335
last_promotion_months_ago,0.057871684359841156,-0.037990857017596524,0.0342952126392309,-0.12676635021909227,1.0,-0.029513707575683217
voluntary_exit,0.01603744311924428,-0.5034052905826392,0.04988005102101564,0.5034448110757335,-0.029513707575683217,1.0
